heuristic,mean_min,std_min,min_min,max_min,total_time_s,time_per_inst_s,num_instances
two_opt,1014.0288,40.6302,958.5333,1054.6764,343.7917,114.597246,3
nearest_neighbor,1100.2107,65.2515,1015.4027,1174.1162,0.0414,0.013788,3
greedy_edge,1136.5138,15.3947,1115.6127,1152.2419,0.0474,0.015807,3
nn_plus_one,1151.1019,106.497,1000.8533,1235.2512,0.6842,0.228054,3
nnr_best,1193.1821,88.1166,1076.6536,1289.6908,0.2622,0.087403,3
