heuristic,mean_min,std_min,min_min,max_min,total_time_s,time_per_inst_s,num_instances
two_opt,627.5491,94.8319,514.0089,746.1342,7.36,2.453317,3
nnr_best,699.3669,81.0352,584.8846,761.1252,0.0994,0.033142,3
greedy_edge,700.7511,106.3929,550.372,780.2734,0.017,0.005666,3
nearest_neighbor,704.4114,75.4161,597.7904,760.0381,0.0408,0.013602,3
nn_plus_one,714.5992,69.1226,619.6814,782.3028,0.1211,0.040368,3
