heuristic,mean_min,std_min,min_min,max_min,total_time_s,time_per_inst_s,num_instances
two_opt,1070.1086,64.138,995.3855,1151.9995,348.3794,116.126458,3
greedy_edge,1101.1117,69.408,1016.0937,1186.1078,0.0446,0.014854,3
nearest_neighbor,1156.3182,86.2448,1052.1864,1263.3811,0.0311,0.010381,3
nn_plus_one,1159.3207,86.724,1039.9791,1243.4818,0.6767,0.225564,3
nnr_best,1176.7062,77.7941,1069.3,1251.0443,0.2749,0.091626,3
